FileSize,avg_latency,min_latency,max_latency,stddev,avg_throughput
262144,29287.875,18078.0,79962.0,10839.548081,133.374306
1048576,48271.78125,19763.0,4703688.0,206974.411333,80.922019
4194304,36802.312012,17936.0,104599.0,17615.291698,106.141429
33554432,39465.909973,19409.0,302515.0,18966.222784,98.977827
134217728,37584.617325,17763.0,561587.0,17113.59946,103.932148
268435456,41917.68969,17785.0,87447237.0,495560.146348,93.18858
536870912,29582.015137,17962.0,9235339.0,26266.207271,132.048137
1073741824,22513.249439,17719.0,165842701.0,412728.61297,173.508938
