FileSize,avg_latency,min_latency,max_latency,stddev,avg_throughput
262144,15944345.7765625,69190.3,124882598.2,21079859.419783995,0.2622207
1048576,7850664.2566406,57538.3,93453633.9,9782275.162641801,0.5102055999999999
4194304,6891942.310253801,61557.5,84694294.6,7738407.6385334,0.5668282
33554432,4785180.0955446,62390.3,164046561.1,4712485.025554,0.8202672999999999
134217728,5596868.3925416,62936.2,274577736.7,3923829.1537233004,0.6985226
268435456,5414807.506457699,65359.1,323272846.2,3517523.2609644993,0.7214203999999999
536870912,5598175.365513999,65192.2,480072791.7,3503741.5203714,0.6983791000000001
1073741824,5767742.799713701,66115.8,353342558.7,3328723.4792868,0.6777778
