File Size,Cluster Size,Cluster Amount,Throughput,User Time,Kernel Time
137438953472,32768,131072.0,4.624127,0.016666666666666666,0.19999999999999998
137438953472,262144,16384.0,4.645067666666667,0.016666666666666666,0.20333333333333334
137438953472,2097152,2048.0,4.628308666666666,0.013333333333333334,0.19999999999999998
137438953472,16777216,256.0,4.625499333333333,0.013333333333333334,0.19000000000000003
137438953472,134217728,32.0,4.631140666666667,0.016666666666666666,0.20333333333333334
137438953472,1073741824,4.0,4.710368,0.013333333333333334,0.22333333333333336
137438953472,4294967296,1.0,5.629461,0.016666666666666666,0.22666666666666668
