File Size,Cluster Size,Cluster Amount,Throughput,User Time,Kernel Time
137438953472,32768,131072.0,6.172583666666667,0.016666666666666666,0.26333333333333336
137438953472,262144,16384.0,28.368339000000002,0.0033333333333333335,0.37666666666666665
137438953472,2097152,2048.0,134.32167800000002,0.0,1.17
137438953472,16777216,256.0,293.478595,0.0,2.3533333333333335
137438953472,134217728,32.0,347.87542766666667,0.0,2.4966666666666666
137438953472,1073741824,4.0,364.963434,0.0,4.106666666666667
