File Size,Cluster Size,Cluster Amount,Throughput,User Time,Kernel Time
137438953472,32768,131072.0,4.5971123333333335,0.02,0.18666666666666665
137438953472,262144,16384.0,31.974065,0.0033333333333333335,0.41
137438953472,2097152,2048.0,116.78598833333335,0.0,1.01
137438953472,16777216,256.0,271.59965700000004,0.0,2.1633333333333336
137438953472,134217728,32.0,346.1284743333333,0.0,2.23
137438953472,1073741824,4.0,363.03143133333333,0.0,3.17
